cell_line,ModelID,SangerModelID,TCGA_DESC,MSIScore,axis_MSI_high,BRAF_V600,axis_antiBRAF_V600E,KRAS_anymut,axis_KRASmut,axis_KRAS_WT
LS513,ACH-000007,SIDM00677,COREAD,3.36,0,,0,p.G12D,1,0
C2BBE1,ACH-000009,SIDM01233,COREAD,1.0,0,,0,,0,1
SW1417,ACH-000236,SIDM00812,COREAD,1.5,0,p.V600E,1,,0,1
CL11,ACH-000249,SIDM00944,COREAD,2.38,0,,0,p.Q61H,1,0
LS1034,ACH-000252,SIDM00681,COREAD,1.36,0,,0,,0,1
COLO678,ACH-000350,SIDM00957,COREAD,1.56,0,,0,p.G12D,1,0
NCIH508,ACH-000360,SIDM00777,COREAD,1.72,0,,0,,0,1
T84,ACH-000381,SIDM00782,COREAD,2.27,0,,0,p.G13D,1,0
SKCO1,ACH-000400,SIDM01096,COREAD,1.14,0,,0,p.G12V,1,0
NCIH747,ACH-000403,SIDM00778,COREAD,1.17,0,,0,p.G13D,1,0
SW837,ACH-000421,SIDM00833,COREAD,2.22,0,,0,p.G12C,1,0
SW1463,ACH-000470,SIDM00834,COREAD,1.72,0,,0,p.G12C,1,0
SW1116,ACH-000489,SIDM00835,COREAD,1.21,0,,0,p.G12A,1,0
NCIH716,ACH-000491,SIDM00779,COREAD,1.25,0,,0,,0,1
LS123,ACH-000501,SIDM00776,COREAD,1.19,0,,0,p.G12S,1,0
SNU61,ACH-000532,SIDM00194,COREAD,2.58,0,,0,p.G12D,1,0
HUTU80,ACH-000538,SIDM00694,UNCLASSIFIED,4.06,0,,0,,0,1
HT29,ACH-000552,SIDM00136,COREAD,1.3,0,p.V600E,1,,0,1
RCM1,ACH-000565,SIDM00359,COREAD,1.52,0,,0,p.G12V,1,0
SW620,ACH-000651,SIDM00841,COREAD,3.2,0,,0,p.G12V,1,0
SW948,ACH-000680,SIDM00832,COREAD,2.06,0,,0,p.Q61L,1,0
SNU283,ACH-000708,SIDM00215,,1.43,0,,0,,0,1
SNUC1,ACH-000722,SIDM01197,COREAD,1.73,0,,0,,0,1
HT55,ACH-000926,SIDM00541,COREAD,1.65,0,,0,,0,1
MDST8,ACH-000935,SIDM00527,COREAD,0.83,0,p.V600K,1,,0,1
RKO,ACH-000943,SIDM01090,COREAD,90.46,1,p.V600E,1,,0,1
LOVO,ACH-000950,SIDM00839,COREAD,88.59,1,,0,p.G13D,1,0
SNU407,ACH-000955,SIDM00214,COREAD,88.91,1,,0,p.G12D,1,0
LS180,ACH-000957,SIDM00680,COREAD,88.39,1,,0,p.G12D,1,0
SW48,ACH-000958,SIDM00837,COREAD,84.58,1,,0,,0,1
CCK81,ACH-000963,SIDM00487,COREAD,91.78,1,,0,,0,1
KM12,ACH-000969,SIDM00150,COREAD,89.35,1,,0,,0,1
SNUC5,ACH-000970,SIDM00498,COREAD,87.97,1,p.V600E,1,,0,1
HCT116,ACH-000971,SIDM00783,COREAD,89.11,1,,0,p.G13D,1,0
LS411N,ACH-000985,SIDM00660,COREAD,88.71,1,p.V600E,1,,0,1
HT115,ACH-000986,SIDM00534,COREAD,2.85,0,,0,,0,1
SNU175,ACH-000989,SIDM00216,COREAD,71.61,1,,0,,0,1
SNU81,ACH-000991,SIDM00193,COREAD,2.67,0,,0,,0,1
HCT15,ACH-000997,SIDM00789,COREAD,65.0,1,,0,p.G13D,1,0
CW2,ACH-000998,SIDM00282,COREAD,83.72,1,,0,,0,1
SNU1040,ACH-000999,SIDM00217,COREAD,75.95,1,,0,,0,1
COLO205,ACH-001039,SIDM00826,COREAD,1.14,0,p.V600E,1,,0,1
HCC2998,ACH-001081,SIDM00118,COREAD,2.15,0,,0,,0,1
SNUC2B,ACH-001199,SIDM00781,COREAD,89.27,1,,0,p.G12D,1,0
GP5D,ACH-001345,SIDM00537,COREAD,89.33,1,,0,p.G12D,1,0
SW626,ACH-001399,SIDM01168,OV,2.99,0,,0,p.G12V,1,0
COLO320HSR,ACH-002219,SIDM00842,COREAD,,0,,0,,0,1
DIFI,ACH-002233,SIDM00049,COREAD,0.95,0,,0,,0,1
CAR1,ACH-002345,SIDM00488,COREAD,2.75,0,,0,,0,1
