cell_line,ModelID,SangerModelID,TCGA_DESC,EGFR_activating,ALK_fusion,KRAS_G12C,KRAS_anymut,BRAF_V600,axis_antiEGFR,axis_antiALK,axis_antiKRAS_G12C,axis_KRASmut_any,axis_chemo_noTargetDriver
HCC827,ACH-000012,SIDM01067,LUAD,p.E746_A750del,,,,,1,0,0,0,0
NCIH1581,ACH-000015,SIDM00748,UNCLASSIFIED,,,,,,0,0,0,0,1
NCIH1693,ACH-000021,SIDM00742,LUAD,,,,,,0,0,0,0,1
PC14,ACH-000030,SIDM00237,LUAD,p.E746_A750del,,,,,1,0,0,0,0
NCIH1650,ACH-000035,SIDM00745,LUAD,p.E746_A750del,,,,,1,0,0,0,0
RERFLCMS,ACH-000062,SIDM00355,LUAD,,,,,,0,0,0,0,1
NCIH3255,ACH-000109,SIDM00046,LUAD,p.L858R,,,,,1,0,0,0,0
NCIH2405,ACH-000121,SIDM00724,LUAD,,,,,,0,0,0,0,1
CORL105,ACH-000161,SIDM00513,LUAD,,,,,,0,0,0,0,1
LOUNH91,ACH-000176,SIDM00341,LUSC,p.L747_P753delinsS,,,,,1,0,0,0,0
NCIH2444,ACH-000186,SIDM00723,UNCLASSIFIED,,,,p.G12V,,0,0,0,1,0
CALU6,ACH-000264,SIDM00921,LUAD,,,,p.Q61K,,0,0,0,1,0
NCIH1755,ACH-000282,SIDM00738,LUAD,,,,,,0,0,0,0,1
SKLU1,ACH-000309,SIDM01108,LUAD,,,,p.G12D,,0,0,0,1,0
NCIH2122,ACH-000311,SIDM00702,LUAD,,,p.G12C,p.G12C,,0,0,1,1,0
NCIH3122,ACH-000337,SIDM00137,LUAD,,EML4--ALK,,,,0,1,0,0,0
NCIH522,ACH-000343,SIDM00116,LUAD,,,,,,0,0,0,0,1
NCIH647,ACH-000378,SIDM01125,UNCLASSIFIED,,,,p.G13D,,0,0,0,1,0
NCIH1781,ACH-000379,SIDM00754,LUAD,,,,,,0,0,0,0,1
CALU3,ACH-000392,SIDM00922,LUAD,,,,,,0,0,0,0,1
NCIH520,ACH-000395,SIDM01130,LUSC,,,,,,0,0,0,0,1
NCIH1944,ACH-000414,SIDM00762,LUAD,,,,p.G13D,,0,0,0,1,0
NCIH838,ACH-000416,SIDM01150,LUAD,,,,,,0,0,0,0,1
NCIH1915,ACH-000434,SIDM00763,UNCLASSIFIED,,,,,,0,0,0,0,1
RERFLCSQ1,ACH-000442,SIDM00354,LUSC,,,,,,0,0,0,0,1
NCIH2228,ACH-000447,SIDM00729,LUAD,,ALK--PTPN3;EML4--ALK,,,,0,1,0,0,0
NCIH1666,ACH-000448,SIDM00743,LUAD,,,,,,0,0,0,0,1
NCIH2085,ACH-000451,SIDM00709,LUAD,,,,,,0,0,0,0,1
NCIH460,ACH-000463,SIDM00144,UNCLASSIFIED,,,,p.Q61H,,0,0,0,1,0
NCIH2170,ACH-000481,SIDM00716,LUSC,,,,,,0,0,0,0,1
RERFLCKJ,ACH-000482,SIDM00356,LUAD,,,,,,0,0,0,0,1
NCIH1792,ACH-000496,SIDM00771,LUAD,,,p.G12C,p.G12C,,0,0,1,1,0
NCIH1299,ACH-000510,SIDM00649,UNCLASSIFIED,,,,,,0,0,0,0,1
NCIH2030,ACH-000521,SIDM00715,LUAD,,,p.G12C,p.G12C,,0,0,1,1,0
ABC1,ACH-000528,SIDM00494,LUAD,,,,,,0,0,0,0,1
HCC78,ACH-000562,SIDM01068,LUAD,,,,,,0,0,0,0,1
EBC1,ACH-000563,SIDM00486,LUSC,,,,,,0,0,0,0,1
EPLC272H,ACH-000585,SIDM01044,LUSC,,,,,,0,0,0,0,1
NCIH1975,ACH-000587,SIDM00759,LUAD,p.L858R,,,,,1,0,0,0,0
NCIH1437,ACH-000589,SIDM00734,LUAD,,,,,,0,0,0,0,1
LCLC97TM1,ACH-000596,SIDM00344,UNCLASSIFIED,,,,p.G12V,,0,0,0,1,0
BEN,ACH-000603,SIDM00990,UNCLASSIFIED,,,,,,0,0,0,0,1
LCLC103H,ACH-000627,SIDM00345,UNCLASSIFIED,,,,,,0,0,0,0,1
NCIH596,ACH-000628,SIDM01127,UNCLASSIFIED,,,,,,0,0,0,0,1
NCIH441,ACH-000638,SIDM00925,LUAD,,,,p.G12V,,0,0,0,1,0
CORL23,ACH-000662,SIDM00512,UNCLASSIFIED,,,,p.G12V,,0,0,0,1,0
SKMES1,ACH-000665,SIDM01103,LUSC,,,,,,0,0,0,0,1
NCIH1355,ACH-000666,SIDM00645,LUAD,,,,p.G13C,,0,0,0,1,0
HCC44,ACH-000667,SIDM01069,LUAD,,,p.G12C,p.G12C,,0,0,1,1,0
IALM,ACH-000672,SIDM00306,UNCLASSIFIED,,,p.G12C,p.G12C,,0,0,1,1,0
NCIH1734,ACH-000675,SIDM00739,LUAD,,,,p.G13C,,0,0,0,1,0
SW1573,ACH-000677,SIDM01163,LUAD,,,p.G12C,p.G12C,,0,0,1,1,0
A549,ACH-000681,SIDM00903,LUAD,,,,p.G12S,,0,0,0,1,0
EKVX,ACH-000706,SIDM00119,LUAD,,,,,,0,0,0,0,1
NCIH2291,ACH-000718,SIDM00728,LUAD,,,,p.G12F,,0,0,0,1,0
NCIH1838,ACH-000733,SIDM00769,LUAD,,,,,,0,0,0,0,1
NCIH1623,ACH-000744,SIDM00747,LUAD,,,,,,0,0,0,0,1
NCIH1703,ACH-000747,SIDM00740,UNCLASSIFIED,,,,,,0,0,0,0,1
A427,ACH-000757,SIDM00810,UNCLASSIFIED,,,,p.G12D,,0,0,0,1,0
NCIH1648,ACH-000766,SIDM00746,LUAD,,,,,,0,0,0,0,1
LK2,ACH-000769,SIDM00548,LUSC,,,,,,0,0,0,0,1
NCIH2023,ACH-000781,SIDM00753,LUAD,,,,,,0,0,0,0,1
LXF289,ACH-000787,SIDM00339,LUAD,,,,,,0,0,0,0,1
NCIH810,ACH-000789,SIDM01116,UNCLASSIFIED,,,,,,0,0,0,0,1
HOP92,ACH-000825,SIDM00134,UNCLASSIFIED,,,,,,0,0,0,0,1
CAL12T,ACH-000826,SIDM00939,UNCLASSIFIED,,,,,,0,0,0,0,1
NCIH322,ACH-000837,SIDM00117,LUAD,,,,,,0,0,0,0,1
HCC366,ACH-000840,SIDM01070,UNCLASSIFIED,,,,,,0,0,0,0,1
NCIH2087,ACH-000841,SIDM00708,LUAD,,,,,,0,0,0,0,1
HARA,ACH-000843,SIDM00598,LUSC,,,,,,0,0,0,0,1
NCIH1435,ACH-000852,SIDM00658,LUAD,,,,,,0,0,0,0,1
NCIH661,ACH-000853,SIDM01122,UNCLASSIFIED,,,,,,0,0,0,0,1
KNS62,ACH-000858,SIDM00606,LUSC,,,,,,0,0,0,0,1
NCIH358,ACH-000860,SIDM00718,LUAD,,,p.G12C,p.G12C,,0,0,1,1,0
HOP62,ACH-000861,SIDM00133,LUAD,,,p.G12C,p.G12C,,0,0,1,1,0
CHAGOK1,ACH-000867,SIDM00924,UNCLASSIFIED,,,,,,0,0,0,0,1
NCIH1568,ACH-000869,SIDM00750,LUAD,,,,,,0,0,0,0,1
NCIH2347,ACH-000875,SIDM00726,LUAD,,,,,,0,0,0,0,1
HCC15,ACH-000878,SIDM01072,LUSC,,,,,,0,0,0,0,1
NCIH2009,ACH-000886,SIDM00756,LUAD,,,,p.G12A,,0,0,0,1,0
NCIH1793,ACH-000888,SIDM00755,LUAD,,,,,,0,0,0,0,1
NCIH1563,ACH-000892,SIDM00751,LUAD,,,,,,0,0,0,0,1
NCIH1651,ACH-000893,SIDM00744,LUAD,,,,,,0,0,0,0,1
NCIH1869,ACH-000894,SIDM00768,LUSC,,,,,,0,0,0,0,1
NCIH23,ACH-000900,SIDM00138,LUAD,,,p.G12C,p.G12C,,0,0,1,1,0
NCIH1573,ACH-000916,SIDM00749,LUAD,,,,p.G12A,,0,0,0,1,0
NCIH2172,ACH-000924,SIDM00926,UNCLASSIFIED,,,,,,0,0,0,0,1
NCIH2110,ACH-000929,SIDM00703,UNCLASSIFIED,,,,,,0,0,0,0,1
NCIH650,ACH-000945,SIDM01124,LUAD,,,,p.Q61L,,0,0,0,1,0
NCIH2342,ACH-000951,SIDM00727,LUAD,,,,,,0,0,0,0,1
NCIH1155,ACH-000980,SIDM00651,UNCLASSIFIED,,,,p.Q61H,,0,0,0,1,0
NCIH1993,ACH-001137,SIDM00758,LUAD,,,,,,0,0,0,0,1
VMRCLCD,ACH-001233,SIDM00320,LUAD,,,,,,0,0,0,0,1
NCIH1770,ACH-001362,SIDM00737,UNCLASSIFIED,,,,,,0,0,0,0,1
NCIH2135,ACH-001363,SIDM00700,UNCLASSIFIED,,,,,,0,0,0,0,1
CORL32,ACH-001489,SIDM00508,SCLC,,,,,,0,0,0,0,1
CORL321,ACH-001490,SIDM00507,UNCLASSIFIED,,,,,,0,0,0,0,1
EMCBAC1,ACH-002101,SIDM00048,LUAD,,,,,,0,0,0,0,1
EMCBAC2,ACH-002102,SIDM00047,LUAD,,,,p.G12A,,0,0,0,1,0
H513,ACH-002138,SIDM00114,MESO,,,,,,0,0,0,0,1
LC1SQ,ACH-002156,SIDM00300,LUSC,,,,,,0,0,0,0,1
LC2AD,ACH-002157,SIDM00297,LUAD,,,,,,0,0,0,0,1
NCIH322M,ACH-002172,SIDM00117,LUAD,,,,,,0,0,0,0,1
PC3JPC3,ACH-002184,SIDM00361,LUAD,,,,,,0,0,0,0,1
